{
  "mean": [
    0.17583326995372772,
    0.03333333507180214,
    0.030000001192092896,
    0.05000000074505806,
    0.02500000037252903,
    0.009999999776482582,
    0.012500000186264515,
    0.05000000074505806,
    0.0,
    0.1899999976158142,
    0.032499998807907104,
    0.054999999701976776,
    0.08999999612569809,
    0.022499999031424522,
    0.0,
    0.0,
    0.03500000014901161,
    0.09000000357627869,
    0.07500000298023224,
    0.0,
    0.09780754148960114,
    1.0,
    0.01666666753590107,
    1.0,
    0.15000006556510925,
    0.04999997839331627,
    0.09999995678663254,
    0.19999991357326508
  ],
  "std": [
    0.042810335755348206,
    0.09279710799455643,
    0.07141528278589249,
    0.14662978053092957,
    0.07500099390745163,
    0.0435900017619133,
    0.04389958828687668,
    0.12747648358345032,
    9.999999974752427e-07,
    0.5700012445449829,
    0.20296332240104675,
    0.2397405505180359,
    0.27000105381011963,
    0.1405133754014969,
    9.999999974752427e-07,
    9.999999974752427e-07,
    0.21857592463493347,
    0.31607064604759216,
    0.2633923590183258,
    9.999999974752427e-07,
    0.11781129986047745,
    9.999999974752427e-07,
    0.072649285197258,
    9.999999974752427e-07,
    1.0596046422506333e-06,
    1.0223517392660142e-06,
    1.0447034810567857e-06,
    1.0894069646383286e-06
  ]
}